split,rows,percent
train,6280,69.96434937611407
val,1344,14.973262032085561
test,1352,15.062388591800357
