split,rows,percent
train,785,69.96434937611407
val,168,14.973262032085561
test,169,15.062388591800357
