correct,count,mean_confidence,median_confidence,max_confidence
False,845,0.333990772879688,0.3089052140712738,0.8497790098190308
True,489,0.4372957468124255,0.4349111020565033,0.882141649723053
